LOG_ID,BDD,USUARIO,IP,PID,FECHA_1,HORA_1,FECHA_Y_HORA,COMANDO,DURACION,RESULTADO
1,prueba,cesar,192.168.1.62,11452,2020-11-25,12:26:31.196,2020-11-25 12:26:31,SET,0.180,OK
2,prueba,cesar,192.168.1.62,11452,2020-11-25,12:26:31.229,2020-11-25 12:26:31,SELECT,2.095,OK
3,prueba,cesar,192.168.1.62,11452,2020-11-25,12:26:31.261,2020-11-25 12:26:31,SELECT,4.084,OK
4,prueba,cesar,192.168.1.62,11452,2020-11-25,12:26:31.337,2020-11-25 12:26:31,SELECT,0.938,OK
5,prueba,cesar,192.168.1.62,11452,2020-11-25,12:27:31.367,2020-11-25 12:27:31,SELECT,0.725,OK
6,prueba,cesar,192.168.1.62,11452,2020-11-25,12:27:31.396,2020-11-25 12:27:31,idle,0.0,OK
7,prueba,cesar,192.168.1.62,11454,2020-11-25,12:27:31.397,2020-11-25 12:27:31,,0.0,OK
8,prueba,cesar,192.168.1.62,11454,2020-11-25,12:27:31.473,2020-11-25 12:27:31,authentication,0.0,OK
9,prueba,cesar,192.168.1.62,11454,2020-11-25,12:28:31.504,2020-11-25 12:28:31,SET,0.223,OK
10,prueba,cesar,192.168.1.62,11454,2020-11-25,12:28:31.536,2020-11-25 12:28:31,SELECT,1.683,OK
11,prueba,cesar,192.168.1.62,11454,2020-11-25,12:28:31.568,2020-11-25 12:28:31,SELECT,2.758,OK
12,prueba,cesar,192.168.1.62,12587,2020-11-25,12:28:35.311,2020-11-25 12:28:35,SELECT,2.092,OK
13,prueba,cesar,192.168.1.62,12587,2020-11-25,12:29:35.342,2020-11-25 12:29:35,SELECT,3.131,OK
14,prueba,cesar,192.168.1.62,12587,2020-11-25,12:29:35.418,2020-11-25 12:29:35,SELECT,0.889,OK
15,prueba,cesar,192.168.1.62,12587,2020-11-25,12:29:35.462,2020-11-25 12:29:35,SELECT,0.658,OK
16,prueba,cesar,192.168.1.62,12587,2020-11-25,12:29:35.493,2020-11-25 12:29:35,idle,0.0,OK
17,prueba,cesar,192.168.1.62,12588,2020-11-25,12:30:35.551,2020-11-25 12:30:35,,0.0,OK
18,prueba,cesar,192.168.1.62,12588,2020-11-25,12:30:35.629,2020-11-25 12:30:35,authentication,0.0,OK
19,prueba,cesar,192.168.1.62,11452,2020-11-25,12:30:31.102,2020-11-25 14:26:31,,0.0,OK
20,prueba,cesar,192.168.1.62,11449,2020-11-25,12:30:31.107,2020-11-25 12:30:30,idle,0.0,OK
21,prueba,cesar,192.168.1.62,11452,2020-11-25,12:31:31.166,2020-11-25 12:31:31,authentication,0.0,OK
22,prueba,cesar,192.168.1.62,11452,2020-11-25,12:31:31.196,2020-11-25 12:31:31,SET,0.180,OK
23,prueba,cesar,192.168.1.62,11452,2020-11-25,12:31:31.229,2020-11-25 12:31:31,SELECT,2.095,OK
24,prueba,cesar,192.168.1.62,11452,2020-11-25,12:32:31.261,2020-11-25 12:32:31,SELECT,4.084,OK
25,prueba,cesar,192.168.1.62,11452,2020-11-25,12:32:31.337,2020-11-25 12:32:31,SELECT,0.938,OK
26,prueba,cesar,192.168.1.62,11452,2020-11-25,12:32:31.367,2020-11-25 12:32:31,SELECT,0.725,OK
27,prueba,cesar,192.168.1.62,11452,2020-11-25,12:32:31.396,2020-11-25 12:32:31,idle,0.0,OK
28,prueba,cesar,192.168.1.62,11454,2020-11-25,12:33:31.397,2020-11-25 12:33:31,,0.0,OK
29,prueba,cesar,192.168.1.62,11454,2020-11-25,12:33:31.473,2020-11-25 12:33:31,authentication,0.0,OK
30,prueba,cesar,192.168.1.62,11454,2020-11-25,12:33:31.504,2020-11-25 12:33:31,SET,0.223,OK
31,prueba,cesar,192.168.1.62,11454,2020-11-25,12:33:31.536,2020-11-25 12:33:31,SELECT,1.683,OK
32,prueba,cesar,192.168.1.62,11454,2020-11-25,12:33:31.568,2020-11-25 12:33:31,SELECT,2.758,OK
33,prueba,cesar,192.168.1.62,11457,2020-11-25,12:34:32.387,2020-11-25 12:34:32,SELECT,2.273,OK
34,prueba,cesar,192.168.1.62,11457,2020-11-25,12:34:32.416,2020-11-25 12:34:32,idle,0.0,OK
35,prueba,cesar,192.168.1.62,11458,2020-11-25,12:34:32.417,2020-11-25 12:34:32,,0.0,OK
36,prueba,cesar,192.168.1.62,11458,2020-11-25,12:34:32.494,2020-11-25 12:34:32,authentication,0.0,OK
37,prueba,cesar,192.168.1.62,11458,2020-11-25,12:35:32.524,2020-11-25 12:35:32,SET,0.173,OK
38,prueba,cesar,192.168.1.62,11458,2020-11-25,12:35:32.557,2020-11-25 12:35:32,SELECT,2.178,OK
39,prueba,cesar,192.168.1.62,11458,2020-11-25,12:35:32.590,2020-11-25 12:35:32,SELECT,4.621,OK
40,prueba,cesar,192.168.1.62,11458,2020-11-25,12:35:32.664,2020-11-25 12:35:32,SELECT,0.686,OK
41,prueba,cesar,192.168.1.62,11458,2020-11-25,12:36:32.694,2020-11-25 12:36:32,SELECT,1.102,OK
42,prueba,cesar,192.168.1.62,11458,2020-11-25,12:36:32.724,2020-11-25 12:36:32,idle,0.0,OK
43,prueba,cesar,192.168.1.62,11461,2020-11-25,12:36:32.786,2020-11-25 12:36:32,,0.0,OK
44,prueba,cesar,192.168.1.62,11461,2020-11-25,12:36:32.861,2020-11-25 12:36:32,authentication,0.0,OK
45,prueba,cesar,192.168.1.62,11461,2020-11-25,12:36:32.892,2020-11-25 12:36:32,SET,0.229,OK
46,prueba,cesar,192.168.1.62,11461,2020-11-25,12:37:32.925,2020-11-25 12:37:32,SELECT,2.231,OK
47,prueba,cesar,192.168.1.62,11461,2020-11-25,12:37:32.958,2020-11-25 12:37:32,SELECT,4.443,OK
48,prueba,cesar,192.168.1.62,12588,2020-11-25,12:37:35.874,2020-11-25 12:37:35,SELECT,0.488,OK
49,prueba,cesar,192.168.1.62,12588,2020-11-25,12:37:35.905,2020-11-25 12:37:35,idle,0.0,OK
50,prueba,cesar,192.168.1.62,12610,2020-11-25,12:38:44.546,2020-11-25 12:27:44,,0.0,OK
51,prueba,cesar,192.168.1.62,12610,2020-11-25,12:38:44.624,2020-11-25 12:38:44,authentication,0.0,OK
52,prueba,cesar,192.168.1.62,12610,2020-11-25,12:38:44.654,2020-11-25 12:38:44,SET,0.378,OK
53,prueba,cesar,192.168.1.62,12610,2020-11-25,12:38:44.685,2020-11-25 12:38:44,SELECT,2.190,OK
54,prueba,cesar,192.168.1.62,12610,2020-11-25,12:38:44.717,2020-11-25 12:38:44,SELECT,2.671,OK
55,prueba,cesar,192.168.1.62,12610,2020-11-25,12:39:44.808,2020-11-25 12:39:44,SELECT,1.597,OK
56,prueba,cesar,192.168.1.62,12610,2020-11-25,12:39:44.839,2020-11-25 12:39:44,SELECT,1.906,OK
57,prueba,cesar,192.168.1.62,12610,2020-11-25,12:39:44.872,2020-11-25 12:39:44,SELECT,4.015,OK
58,prueba,cesar,192.168.1.62,12610,2020-11-25,12:39:44.899,2020-11-25 12:39:44,SELECT,1.369,OK
59,prueba,cesar,192.168.1.62,12610,2020-11-25,12:40:44.929,2020-11-25 12:40:44,SELECT,0.590,OK
60,prueba,cesar,192.168.1.62,12610,2020-11-25,12:40:44.960,2020-11-25 12:40:44,SELECT,0.871,OK
61,prueba,cesar,192.168.1.62,12610,2020-11-25,12:40:44.990,2020-11-25 12:40:44,SELECT,0.845,OK
62,prueba,cesar,192.168.1.62,12610,2020-11-25,12:40:45.428,2020-11-25 12:40:44,SELECT,8.591,OK
63,prueba,cesar,192.168.1.62,12610,2020-11-25,12:41:45.817,2020-11-25 12:41:44,SELECT,3.834,OK
64,prueba,cesar,192.168.1.62,12610,2020-11-25,12:41:46.217,2020-11-25 12:41:44,SELECT,0.535,OK
65,prueba,cesar,192.168.1.62,12610,2020-11-25,12:41:46.248,2020-11-25 12:41:44,SELECT,0.447,OK
66,prueba,cesar,192.168.1.62,12610,2020-11-25,12:41:46.279,2020-11-25 12:41:44,SELECT,0.686,OK
67,prueba,cesar,192.168.1.62,12610,2020-11-25,12:41:46.308,2020-11-25 12:41:44,SELECT,0.533,OK
68,prueba,cesar,192.168.1.62,12610,2020-11-25,12:41:46.340,2020-11-25 12:41:44,idle,0.0,OK
69,prueba,cesar,192.168.1.62,12627,2020-11-25,12:42:52.881,2020-11-25 12:27:52,,0.0,OK
70,prueba,cesar,192.168.1.62,12627,2020-11-25,12:42:52.959,2020-11-25 12:42:52,authentication,0.0,OK
71,prueba,cesar,192.168.1.62,12627,2020-11-25,12:42:52.989,2020-11-25 12:42:52,SET,0.262,OK
72,prueba,cesar,192.168.1.62,12627,2020-11-25,12:42:53.022,2020-11-25 12:42:52,SELECT,1.843,OK
73,prueba,cesar,192.168.1.62,12627,2020-11-25,12:42:53.055,2020-11-25 12:42:52,SELECT,4.449,OK
74,prueba,cesar,192.168.1.62,12627,2020-11-25,12:43:53.144,2020-11-25 12:43:52,SELECT,1.834,OK
75,prueba,cesar,192.168.1.62,12627,2020-11-25,12:43:53.175,2020-11-25 12:43:52,SELECT,2.348,OK
76,prueba,cesar,192.168.1.62,12627,2020-11-25,12:43:53.207,2020-11-25 12:43:52,SELECT,3.412,OK
77,prueba,cesar,192.168.1.62,12627,2020-11-25,12:43:53.235,2020-11-25 12:43:52,SELECT,1.518,OK
78,prueba,cesar,192.168.1.62,12627,2020-11-25,12:44:53.265,2020-11-25 12:44:52,SELECT,0.391,OK
79,prueba,cesar,192.168.1.62,12627,2020-11-25,12:44:53.294,2020-11-25 12:44:52,SELECT,0.925,OK
80,prueba,cesar,192.168.1.62,12627,2020-11-25,12:44:53.325,2020-11-25 12:44:52,SELECT,0.376,OK
81,prueba,cesar,192.168.1.62,12627,2020-11-25,12:44:53.416,2020-11-25 12:44:52,SELECT,0.520,OK
82,prueba,cesar,192.168.1.62,12627,2020-11-25,12:45:53.446,2020-11-25 12:44:52,SELECT,0.382,OK
83,prueba,cesar,192.168.1.62,12627,2020-11-25,12:45:53.478,2020-11-25 12:45:52,idle,0.0,OK
84,prueba,karen,192.168.1.62,12636,2020-11-25,12:45:56.437,2020-11-25 12:45:56,,0.0,OK
85,prueba,karen,192.168.1.79,12636,2020-11-25,12:45:56.506,2020-11-25 12:45:56,authentication,0.0,OK
86,prueba,karen,192.168.1.79,12636,2020-11-25,12:46:56.538,2020-11-25 12:46:56,SET,0.216,OK
87,prueba,karen,192.168.1.79,12636,2020-11-25,12:46:56.570,2020-11-25 12:46:56,SELECT,1.885,OK
88,prueba,karen,192.168.1.79,12636,2020-11-25,12:46:56.601,2020-11-25 12:47:56,SELECT,3.462,OK
89,prueba,karen,192.168.1.79,12636,2020-11-25,12:47:56.675,2020-11-25 12:47:56,SET,0.090,OK
90,prueba,karen,192.168.1.79,12636,2020-11-25,12:47:56.706,2020-11-25 12:47:56,SELECT,1.935,OK
91,prueba,karen,192.168.1.79,12636,2020-11-25,12:47:56.736,2020-11-25 12:47:56,SELECT,0.487,OK
92,prueba,karen,192.168.1.79,10028,2020-11-25,12:48:14.071,2020-11-25 12:48:13,authentication,0.0,OK
93,prueba,karen,192.168.1.79,10028,2020-11-25,12:48:14.102,2020-11-25 12:48:13,SET,0.171,OK
94,prueba,karen,192.168.1.79,10028,2020-11-25,12:48:14.134,2020-11-25 12:48:13,SELECT,1.712,OK
95,prueba,karen,192.168.1.79,10028,2020-11-25,12:48:14.165,2020-11-25 12:48:13,SELECT,2.603,OK
96,prueba,karen,192.168.1.79,10024,2020-11-25,12:49:13.358,2020-11-25 12:49:13,idle,0.0,OK
97,prueba,karen,192.168.1.79,10025,2020-11-25,12:49:13.417,2020-11-25 12:49:13,authentication,0.0,OK
98,prueba,karen,192.168.1.79,10025,2020-11-25,12:49:13.449,2020-11-25 12:49:13,SET,0.213,OK
99,prueba,karen,192.168.1.79,10025,2020-11-25,12:49:13.481,2020-11-25 12:49:13,SELECT,2.259,OK
100,prueba,karen,192.168.1.79,10025,2020-11-25,12:49:13.513,2020-11-25 12:49:13,SELECT,3.893,OK
101,prueba,karen,192.168.1.79,10025,2020-11-25,12:49:13.587,2020-11-25 12:49:13,SELECT,0.879,OK
102,prueba,karen,192.168.1.79,10025,2020-11-25,12:50:13.618,2020-11-25 12:50:13,SELECT,0.957,OK
103,prueba,karen,192.168.1.79,10025,2020-11-25,12:50:13.647,2020-11-25 12:50:13,idle,0.0,OK
104,prueba,karen,192.168.1.79,10021,2020-11-25,12:50:13.098,2020-11-25 12:50:12,idle,0.0,OK
105,prueba,karen,192.168.1.79,10024,2020-11-25,12:50:13.158,2020-11-25 12:50:13,authentication,0.0,OK
106,prueba,karen,192.168.1.79,10024,2020-11-25,12:51:13.188,2020-11-25 12:51:13,SET,0.170,OK
107,prueba,karen,192.168.1.79,10024,2020-11-25,12:51:13.220,2020-11-25 12:51:13,SELECT,1.681,OK
108,prueba,karen,192.168.1.79,10024,2020-11-25,12:51:13.252,2020-11-25 12:51:13,SELECT,3.220,OK
109,prueba,karen,192.168.1.79,10024,2020-11-25,12:51:13.327,2020-11-25 12:51:13,SELECT,0.708,OK
110,prueba,karen,192.168.1.79,10028,2020-11-25,12:52:14.302,2020-11-25 12:52:13,SELECT,1.102,OK
111,prueba,karen,192.168.1.79,10028,2020-11-25,12:52:14.332,2020-11-25 12:52:13,idle,0.0,OK
112,prueba,karen,192.168.1.79,10047,2020-11-25,12:52:23.474,2020-11-25 12:52:23,authentication,0.0,OK
113,prueba,karen,192.168.1.79,10047,2020-11-25,12:52:23.503,2020-11-25 12:52:23,SET,0.186,OK
114,prueba,karen,192.168.1.79,10047,2020-11-25,12:52:23.536,2020-11-25 12:52:23,SELECT,1.688,OK
115,prueba,karen,192.168.1.79,10047,2020-11-25,12:53:23.567,2020-11-25 12:53:23,SELECT,2.789,OK
116,prueba,karen,192.168.1.79,10047,2020-11-25,12:53:23.660,2020-11-25 12:53:23,SELECT,1.726,OK
117,prueba,karen,192.168.1.79,10047,2020-11-25,12:53:25.885,2020-11-25 12:53:23,SELECT,0.454,OK
118,prueba,karen,192.168.1.79,10047,2020-11-25,12:53:25.916,2020-11-25 12:53:23,SELECT,0.585,OK
119,prueba,karen,192.168.1.79,10047,2020-11-25,12:54:25.945,2020-11-25 12:54:23,SELECT,0.533,OK
120,prueba,karen,192.168.1.79,10047,2020-11-25,12:54:25.976,2020-11-25 12:54:23,idle,0.0,OK
121,prueba,karen,192.168.1.79,10079,2020-11-25,12:54:37.117,2020-11-25 12:54:37,,0.0,OK
122,prueba,karen,192.168.1.79,10079,2020-11-25,12:54:37.191,2020-11-25 12:54:37,authentication,0.0,OK
123,prueba,karen,192.168.1.79,10079,2020-11-25,12:55:37.223,2020-11-25 12:55:37,SET,0.208,OK
124,prueba,karen,192.168.1.79,10079,2020-11-25,12:55:37.255,2020-11-25 12:55:37,SELECT,2.339,OK
125,prueba,karen,192.168.1.79,10079,2020-11-25,12:55:37.287,2020-11-25 12:55:37,SELECT,4.376,OK
126,prueba,karen,192.168.1.79,10079,2020-11-25,12:55:37.378,2020-11-25 12:55:37,SELECT,2.125,OK
127,prueba,karen,192.168.1.79,10079,2020-11-25,12:56:37.442,2020-11-25 12:56:37,SELECT,4.818,OK
128,prueba,karen,192.168.1.79,10079,2020-11-25,12:56:37.469,2020-11-25 12:56:37,SELECT,1.212,OK
129,prueba,karen,192.168.1.79,10079,2020-11-25,12:56:37.498,2020-11-25 12:56:37,SELECT,0.298,OK
130,prueba,karen,192.168.1.79,10079,2020-11-25,12:56:37.529,2020-11-25 12:56:37,SELECT,0.915,OK
131,prueba,karen,192.168.1.79,10079,2020-11-25,12:56:37.590,2020-11-25 12:56:37,SELECT,0.734,OK
132,prueba,karen,192.168.1.79,10079,2020-11-25,12:56:37.620,2020-11-25 12:56:37,idle,0.0,OK
133,prueba,karen,192.168.1.79,10082,2020-11-25,12:57:37.640,2020-11-25 12:57:37,,0.0,OK
134,prueba,karen,192.168.1.79,10082,2020-11-25,12:57:37.727,2020-11-25 12:57:37,authentication,0.0,OK
135,prueba,karen,192.168.1.79,10082,2020-11-25,12:57:37.758,2020-11-25 12:57:37,SET,0.197,OK
136,prueba,karen,192.168.1.79,10082,2020-11-25,12:57:37.790,2020-11-25 12:57:37,SELECT,1.806,OK
137,prueba,karen,192.168.1.79,10082,2020-11-25,12:58:37.826,2020-11-25 12:58:37,SELECT,6.494,OK
138,prueba,karen,192.168.1.79,10083,2020-11-25,12:58:37.939,2020-11-25 12:58:37,,0.0,OK
139,prueba,karen,192.168.1.79,10082,2020-11-25,12:58:37.944,2020-11-25 12:58:37,idle,0.0,OK
140,prueba,karen,192.168.1.79,10083,2020-11-25,12:58:38.004,2020-11-25 12:58:37,authentication,0.0,OK
141,prueba,karen,192.168.1.79,10083,2020-11-25,12:58:38.035,2020-11-25 12:58:37,SET,0.255,OK
142,prueba,karen,192.168.1.79,10083,2020-11-25,12:59:38.069,2020-11-25 12:59:37,SELECT,1.716,OK
143,prueba,karen,192.168.1.79,10083,2020-11-25,12:59:38.100,2020-11-25 12:59:37,SELECT,2.584,OK
144,prueba,karen,192.168.1.79,10083,2020-11-25,12:59:38.252,2020-11-25 12:59:37,idle,0.0,OK
145,prueba,karen,192.168.1.79,17968,2020-11-25,13:01:20.315,2020-11-25 13:01:19,SELECT,1.690,OK
146,prueba,karen,192.168.1.79,17968,2020-11-25,13:01:20.344,2020-11-25 13:01:19,idle,0.0,OK
147,prueba,karen,192.168.1.79,17969,2020-11-25,13:02:20.348,2020-11-25 13:02:20,,0.0,OK
148,prueba,karen,192.168.1.79,17969,2020-11-25,13:02:20.422,2020-11-25 13:02:20,authentication,0.0,OK
149,prueba,karen,192.168.1.79,17969,2020-11-25,13:03:20.452,2020-11-25 13:03:20,SET,0.201,OK
150,prueba,karen,192.168.1.79,17969,2020-11-25,13:03:20.486,2020-11-25 13:03:20,SELECT,2.087,OK
151,prueba,karen,192.168.1.79,17969,2020-11-25,13:04:20.516,2020-11-25 13:04:20,SELECT,2.648,OK
152,prueba,karen,192.168.1.79,17969,2020-11-25,13:04:20.594,2020-11-25 13:04:20,SELECT,0.992,OK
153,prueba,karen,192.168.1.79,17969,2020-11-25,13:05:20.624,2020-11-25 13:05:20,SELECT,1.184,OK
154,prueba,karen,192.168.1.79,17969,2020-11-25,13:05:20.654,2020-11-25 13:05:20,idle,0.0,OK
155,prueba,karen,192.168.1.79,17970,2020-11-25,13:06:20.733,2020-11-25 13:06:20,authentication,0.0,OK
156,prueba,karen,192.168.1.79,17970,2020-11-25,13:06:20.763,2020-11-25 13:06:20,SET,0.233,OK
157,prueba,karen,192.168.1.79,17970,2020-11-25,13:07:20.793,2020-11-25 13:07:20,SELECT,2.276,OK
158,prueba,karen,192.168.1.79,17970,2020-11-25,13:07:20.827,2020-11-25 13:07:20,SELECT,4.799,OK
159,prueba,karen,192.168.1.79,17970,2020-11-25,13:08:20.900,2020-11-25 13:08:20,SELECT,1.213,OK
160,prueba,karen,192.168.1.79,17970,2020-11-25,13:08:20.931,2020-11-25 13:08:20,SELECT,1.067,OK
161,prueba,karen,192.168.1.79,17970,2020-11-25,13:09:20.961,2020-11-25 13:09:20,idle,0.0,OK
162,prueba,karen,192.168.1.79,17978,2020-11-25,13:09:21.762,2020-11-25 13:09:21,,0.0,OK
163,prueba,karen,192.168.1.79,17978,2020-11-25,13:10:21.824,2020-11-25 13:10:21,authentication,0.0,OK
164,prueba,karen,192.168.1.79,17978,2020-11-25,13:10:21.855,2020-11-25 13:10:21,SET,0.246,OK
165,prueba,karen,192.168.1.79,17978,2020-11-25,13:11:21.887,2020-11-25 13:11:21,SELECT,1.962,OK
166,prueba,karen,192.168.1.79,10169,2020-11-25,13:11:18.667,2020-11-25 13:11:18,,0.0,OK
167,prueba,karen,192.168.1.79,10012,2020-11-25,13:12:10.732,2020-11-25 13:12:10,,0.0,OK
168,prueba,karen,192.168.1.79,10012,2020-11-25,13:12:10.810,2020-11-25 13:12:10,authentication,0.0,OK
169,prueba,karen,192.168.1.79,10012,2020-11-25,13:13:10.847,2020-11-25 13:13:10,SELECT,6.676,OK
170,prueba,karen,192.168.1.79,10012,2020-11-25,13:13:10.870,2020-11-25 13:13:10,idle,0.0,OK
171,prueba,karen,192.168.1.79,10015,2020-11-25,13:14:11.388,2020-11-25 13:14:11,,0.0,OK
172,prueba,karen,192.168.1.79,10015,2020-11-25,13:14:11.461,2020-11-25 13:14:11,authentication,0.0,OK
173,prueba,karen,192.168.1.79,10015,2020-11-25,13:15:11.498,2020-11-25 13:15:11,SELECT,5.465,OK
174,prueba,karen,192.168.1.79,10016,2020-11-25,13:15:11.521,2020-11-25 13:15:11,,0.0,OK
175,prueba,karen,192.168.1.79,10016,2020-11-25,13:16:11.599,2020-11-25 13:16:11,authentication,0.0,OK
176,prueba,karen,192.168.1.79,10016,2020-11-25,13:16:11.629,2020-11-25 13:16:11,SET,0.195,OK
177,prueba,karen,192.168.1.79,10016,2020-11-25,13:17:11.682,2020-11-25 13:17:11,SELECT,2.772,OK
178,prueba,karen,192.168.1.79,10016,2020-11-25,13:17:11.711,2020-11-25 13:17:11,SELECT,5.707,OK
179,prueba,karen,192.168.1.79,10016,2020-11-25,13:18:11.800,2020-11-25 13:18:11,SELECT,2.034,OK
180,prueba,karen,192.168.1.79,10016,2020-11-25,13:18:11.844,2020-11-25 13:18:11,INSERT,1.508,OK
181,prueba,karen,192.168.1.79,10016,2020-11-25,13:19:11.876,2020-11-25 13:19:11,UPDATE,0.0,OK
182,prueba,karen,192.168.1.79,10016,2020-11-25,13:19:11.915,2020-11-25 13:29:11,SELECT,8.539,OK
183,prueba,karen,192.168.1.79,10016,2020-11-25,13:20:11.938,2020-11-25 13:20:11,SELECT,0.469,OK
184,prueba,karen,192.168.1.79,10016,2020-11-25,13:20:11.968,2020-11-25 13:20:11,SELECT,1.037,OK
185,prueba,karen,192.168.1.79,10016,2020-11-25,13:21:11.998,2020-11-25 13:21:11,UPDATE,0.0,OK
186,prueba,karen,192.168.1.79,10016,2020-11-25,13:21:12.030,2020-11-25 13:21:11,INSERT,1.515,OK
187,prueba,karen,192.168.1.79,10015,2020-11-25,13:22:12.058,2020-11-25 13:22:11,idle,0.0,OK
188,prueba,karen,192.168.1.79,10016,2020-11-25,13:22:12.059,2020-11-25 13:22:11,idle,0.0,OK
189,prueba,karen,192.168.1.79,10019,2020-11-25,13:23:12.126,2020-11-25 13:23:12,,0.0,OK
190,prueba,karen,192.168.1.79,10019,2020-11-25,13:23:12.194,2020-11-25 13:23:12,authentication,0.0,OK
191,prueba,karen,192.168.1.79,10019,2020-11-25,14:24:12.224,2020-11-25 14:24:12,SET,0.203,OK
192,prueba,karen,192.168.1.79,10019,2020-11-25,14:24:12.259,2020-11-25 14:24:12,SELECT,3.976,OK
193,prueba,karen,192.168.1.79,10019,2020-11-25,13:25:12.288,2020-11-25 13:25:12,SELECT,3.131,OK
194,prueba,karen,192.168.1.79,10019,2020-11-25,13:25:12.364,2020-11-25 13:25:12,idle,0.0,OK
195,prueba,karen,192.168.1.79,10020,2020-11-25,13:26:12.426,2020-11-25 13:26:12,,0.0,OK
196,prueba,karen,192.168.1.79,10020,2020-11-25,13:26:12.501,2020-11-25 13:26:12,authentication,0.0,OK
197,prueba,karen,192.168.1.79,10020,2020-11-25,13:27:12.530,2020-11-25 13:27:12,SET,0.197,OK
198,prueba,karen,192.168.1.79,10020,2020-11-25,13:27:12.563,2020-11-25 13:27:12,SELECT,1.728,OK
199,prueba,karen,192.168.1.79,10020,2020-11-25,13:28:12.594,2020-11-25 13:28:12,SELECT,3.059,OK
200,prueba,karen,192.168.1.79,10020,2020-11-25,13:28:12.689,2020-11-25 13:28:12,SELECT,1.755,OK
201,prueba,karen,192.168.1.79,10021,2020-11-25,13:29:12.712,2020-11-25 13:29:12,,0.0,OK
202,prueba,karen,192.168.1.79,10020,2020-11-25,13:29:12.715,2020-11-25 13:29:12,idle,0.0,OK
203,prueba,karen,192.168.1.79,10021,2020-11-25,13:30:12.775,2020-11-25 13:30:12,authentication,0.0,OK
204,prueba,karen,192.168.1.79,10021,2020-11-25,13:30:12.805,2020-11-25 13:30:12,SET,0.172,OK
205,prueba,karen,192.168.1.79,10021,2020-11-25,13:31:12.838,2020-11-25 13:31:12,SELECT,1.813,OK
206,prueba,karen,192.168.1.79,10021,2020-11-25,13:31:12.869,2020-11-25 13:31:12,SELECT,3.054,OK
207,prueba,karen,192.168.1.79,10021,2020-11-25,13:32:13.068,2020-11-25 13:32:12,SELECT,1.741,OK
208,prueba,karen,192.168.1.79,10024,2020-11-25,13:32:13.091,2020-11-25 13:32:13,,0.0,OK
209,prueba,karen,192.168.1.79,10021,2020-11-25,13:33:13.098,2020-11-25 13:33:12,idle,0.0,OK
210,prueba,karen,192.168.1.79,10024,2020-11-25,13:33:13.158,2020-11-25 13:33:13,authentication,0.0,OK
211,prueba,karen,192.168.1.79,10024,2020-11-25,13:34:13.188,2020-11-25 13:34:13,SET,0.170,OK
212,prueba,karen,192.168.1.79,10024,2020-11-25,13:34:13.220,2020-11-25 13:34:13,SELECT,1.681,OK
213,prueba,karen,192.168.1.79,10024,2020-11-25,13:35:13.252,2020-11-25 13:35:13,SELECT,3.220,OK
214,prueba,karen,192.168.1.79,10024,2020-11-25,13:35:13.327,2020-11-25 13:35:13,SELECT,0.708,OK
215,prueba,karen,192.168.1.79,10025,2020-11-25,13:36:13.354,2020-11-25 13:36:13,,0.0,OK
216,prueba,karen,192.168.1.79,10024,2020-11-25,13:36:13.358,2020-11-25 13:36:13,idle,0.0,OK
217,prueba,karen,192.168.1.79,10025,2020-11-25,13:37:13.417,2020-11-25 13:37:13,authentication,0.0,OK
218,prueba,karen,192.168.1.79,10025,2020-11-25,13:37:13.449,2020-11-25 13:37:13,SET,0.213,OK
219,prueba,karen,192.168.1.79,10025,2020-11-25,13:38:13.481,2020-11-25 13:38:13,SELECT,2.259,OK
220,prueba,karen,192.168.1.79,10025,2020-11-25,13:38:13.513,2020-11-25 13:38:13,SELECT,3.893,OK
221,prueba,karen,192.168.1.79,10025,2020-11-25,13:39:13.587,2020-11-25 13:39:13,SELECT,0.879,OK
222,prueba,karen,192.168.1.79,10025,2020-11-25,13:39:13.618,2020-11-25 13:39:13,SELECT,0.957,OK
223,prueba,karen,192.168.1.79,10025,2020-11-25,13:40:13.647,2020-11-25 13:40:13,idle,0.0,OK
224,prueba,karen,192.168.1.79,10028,2020-11-25,13:40:13.998,2020-11-25 13:40:13,,0.0,OK
225,prueba,karen,192.168.1.79,10028,2020-11-25,13:41:14.071,2020-11-25 13:41:13,authentication,0.0,OK
226,prueba,karen,192.168.1.79,10028,2020-11-25,13:41:14.102,2020-11-25 13:41:13,SET,0.171,OK
227,prueba,karen,192.168.1.79,10028,2020-11-25,13:42:14.134,2020-11-25 13:42:13,SELECT,1.712,OK
228,prueba,karen,192.168.1.79,10028,2020-11-25,13:42:14.165,2020-11-25 13:42:13,SELECT,2.603,OK
229,prueba,karen,192.168.1.79,10169,2020-11-25,13:43:18.736,2020-11-25 13:43:18,authentication,0.0,OK
230,prueba,karen,192.168.1.79,10169,2020-11-25,13:43:18.766,2020-11-25 13:43:18,SET,0.200,OK
231,prueba,karen,192.168.1.79,10169,2020-11-25,13:44:18.799,2020-11-25 13:44:18,SELECT,2.900,OK
232,prueba,karen,192.168.1.79,10083,2020-11-25,13:44:38.252,2020-11-25 13:44:37,idle,0.0,OK
233,prueba,karen,192.168.1.79,10169,2020-11-25,13:45:18.667,2020-11-25 13:45:18,,0.0,OK
234,prueba,karen,192.168.1.79,10169,2020-11-25,13:45:18.736,2020-11-25 13:45:18,authentication,0.0,OK
235,prueba,karen,192.168.1.79,10169,2020-11-25,13:46:18.766,2020-11-25 13:46:18,SET,0.200,OK
236,prueba,karen,192.168.1.79,10169,2020-11-25,13:46:18.799,2020-11-25 13:46:18,SELECT,2.900,OK
237,prueba,karen,192.168.1.79,10169,2020-11-25,13:47:18.830,2020-11-25 13:47:18,SELECT,2.557,OK
238,prueba,karen,192.168.1.79,10169,2020-11-25,13:47:19.012,2020-11-25 13:47:18,SELECT,1.215,OK
239,prueba,karen,192.168.1.79,10169,2020-11-25,13:48:19.042,2020-11-25 13:48:18,SELECT,0.630,OK
240,prueba,karen,192.168.1.79,10169,2020-11-25,13:48:19.072,2020-11-25 13:48:18,BEGIN,0.0,OK
241,prueba,karen,192.168.1.79,10169,2020-11-25,13:49:19.103,2020-11-25 13:49:18,UPDATE,0.0,OK
242,prueba,karen,192.168.1.79,10169,2020-11-25,13:49:19.230,2020-11-25 13:49:18,INSERT,0.047,OK
243,prueba,karen,192.168.1.79,10169,2020-11-25,13:50:19.255,2020-11-25 13:50:18,INSERT,0.699,OK
244,prueba,karen,192.168.1.79,10169,2020-11-25,13:50:19.286,2020-11-25 13:50:18,COMMIT,0.0,OK
245,prueba,karen,192.168.1.79,10169,2020-11-25,13:51:19.719,2020-11-25 13:51:18,INSERT,3.894,OK
246,prueba,karen,192.168.1.79,10169,2020-11-25,13:51:19.740,2020-11-25 13:51:18,idle,0.0,OK
247,prueba,karen,192.168.1.79,10172,2020-11-25,13:52:19.820,2020-11-25 13:52:19,,0.0,OK
248,prueba,karen,192.168.1.79,10172,2020-11-25,13:52:19.891,2020-11-25 13:52:19,authentication,0.0,OK
249,prueba,karen,192.168.1.79,10172,2020-11-25,13:53:19.921,2020-11-25 13:53:19,SET,0.180,OK
250,prueba,karen,192.168.1.79,10172,2020-11-25,13:53:19.954,2020-11-25 13:53:19,SELECT,1.703,OK
251,prueba,karen,192.168.1.79,10172,2020-11-25,13:54:19.985,2020-11-25 13:54:19,SELECT,2.853,OK
252,prueba,karen,192.168.1.79,10172,2020-11-25,13:54:20.077,2020-11-25 13:54:19,SELECT,2.058,OK
253,prueba,karen,192.168.1.79,10172,2020-11-25,13:55:20.108,2020-11-25 13:55:19,SELECT,2.386,OK
254,prueba,karen,192.168.1.79,10172,2020-11-25,13:55:20.138,2020-11-25 13:55:19,SELECT,3.206,OK
255,prueba,karen,192.168.1.79,10172,2020-11-25,13:56:20.167,2020-11-25 13:56:19,SELECT,1.219,OK
256,prueba,karen,192.168.1.79,10172,2020-11-25,13:56:20.199,2020-11-25 13:56:19,SELECT,0.418,OK
257,prueba,karen,192.168.1.79,10172,2020-11-25,13:57:20.230,2020-11-25 13:57:19,SELECT,0.809,OK
258,prueba,karen,192.168.1.79,10172,2020-11-25,13:57:20.259,2020-11-25 13:57:19,SELECT,0.745,OK
259,prueba,karen,192.168.1.79,10172,2020-11-25,13:58:20.293,2020-11-25 13:58:19,SELECT,0.575,OK
260,prueba,karen,192.168.1.79,10172,2020-11-25,13:58:20.320,2020-11-25 13:58:19,idle,0.0,OK
261,prueba,karen,192.168.1.79,10173,2020-11-25,13:59:20.341,2020-11-25 13:59:20,,0.0,OK
262,prueba,karen,192.168.1.79,10173,2020-11-25,13:59:20.424,2020-11-25 13:59:20,authentication,0.0,OK
263,prueba,karen,192.168.1.79,10173,2020-11-25,14:00:20.455,2020-11-25 14:00:20,SET,0.172,OK
264,prueba,karen,192.168.1.79,10173,2020-11-25,14:00:20.487,2020-11-25 14:00:20,SELECT,2.310,OK
265,prueba,karen,192.168.1.79,10173,2020-11-25,14:01:20.518,2020-11-25 14:01:20,SELECT,2.676,OK
266,prueba,karen,192.168.1.79,10173,2020-11-25,14:01:20.601,2020-11-25 14:01:20,SELECT,7.820,OK
267,prueba,karen,192.168.1.79,10169,2020-11-25,14:02:18.830,2020-11-25 14:02:18,SELECT,2.557,OK
268,prueba,karen,192.168.1.79,10169,2020-11-25,14:02:19.012,2020-11-25 14:02:18,SELECT,1.215,OK
269,prueba,karen,192.168.1.79,10169,2020-11-25,14:02:19.042,2020-11-25 14:02:18,SELECT,0.630,OK
270,prueba,karen,192.168.1.79,10169,2020-11-25,14:03:19.072,2020-11-25 14:03:18,BEGIN,0.0,OK
271,prueba,karen,192.168.1.79,10169,2020-11-25,14:03:19.103,2020-11-25 14:03:18,UPDATE,0.0,OK
272,prueba,karen,192.168.1.79,10169,2020-11-25,14:03:19.230,2020-11-25 14:03:18,INSERT,7.047,OK
273,prueba,karen,192.168.1.79,10169,2020-11-25,14:03:19.286,2020-11-25 14:03:18,COMMIT,0.0,OK
274,prueba,karen,192.168.1.79,10169,2020-11-25,14:04:19.719,2020-11-25 14:04:18,INSERT,3.894,OK
275,prueba,karen,192.168.1.79,10169,2020-11-25,14:04:19.740,2020-11-25 14:04:18,idle,0.0,OK
276,prueba,karen,192.168.1.79,11461,2020-11-25,14:05:33.093,2020-11-25 14:05:32,SELECT,1.109,OK
277,prueba,karen,192.168.1.79,11461,2020-11-25,14:05:33.123,2020-11-25 14:05:32,idle,0.0,OK
278,prueba,karen,192.168.1.79,11627,2020-11-25,12:27:04.297,2020-11-25 14:27:04,,0.0,OK
279,prueba,karen,192.168.1.79,11627,2020-11-25,14:06:04.362,2020-11-25 14:06:04,authentication,0.0,OK
280,prueba,karen,192.168.1.79,11627,2020-11-25,14:06:04.392,2020-11-25 14:06:04,SET,0.181,OK
281,prueba,karen,192.168.1.79,11627,2020-11-25,14:06:04.424,2020-11-25 14:06:04,SELECT,1.722,OK
282,prueba,karen,192.168.1.79,11627,2020-11-25,14:07:04.456,2020-11-25 14:07:04,SELECT,2.805,OK
283,prueba,karen,192.168.1.79,11627,2020-11-25,14:07:04.547,2020-11-25 14:07:04,SELECT,1.557,OK
284,prueba,karen,192.168.1.79,10172,2020-11-25,14:08:19.820,2020-11-25 14:08:19,,0.0,OK
285,prueba,karen,192.168.1.79,10172,2020-11-25,14:08:19.891,2020-11-25 14:08:19,authentication,0.0,OK
286,prueba,karen,192.168.1.79,10172,2020-11-25,14:08:19.921,2020-11-25 14:08:19,SET,0.180,OK
287,prueba,karen,192.168.1.79,10172,2020-11-25,14:09:19.954,2020-11-25 14:09:19,SELECT,1.703,OK
288,prueba,karen,192.168.1.79,10172,2020-11-25,14:09:19.985,2020-11-25 14:09:19,SELECT,2.853,OK
289,prueba,karen,192.168.1.79,10172,2020-11-25,14:10:20.077,2020-11-25 14:10:19,SELECT,2.058,OK
290,prueba,karen,192.168.1.79,10172,2020-11-25,14:10:20.138,2020-11-25 14:10:19,SELECT,3.206,OK
291,prueba,karen,192.168.1.79,10172,2020-11-25,14:11:20.167,2020-11-25 14:11:19,SELECT,1.219,OK
292,prueba,karen,192.168.1.79,10172,2020-11-25,14:11:20.199,2020-11-25 14:11:19,SELECT,0.418,OK
293,prueba,karen,192.168.1.79,10172,2020-11-25,14:12:20.230,2020-11-25 14:12:19,SELECT,0.809,OK
294,prueba,karen,192.168.1.79,10172,2020-11-25,14:12:20.293,2020-11-25 14:12:19,SELECT,0.575,OK
295,prueba,karen,192.168.1.79,10172,2020-11-25,14:13:20.320,2020-11-25 14:13:19,idle,0.0,OK
296,prueba,karen,192.168.1.79,10173,2020-11-25,14:13:20.341,2020-11-25 14:13:20,,0.0,OK
297,prueba,karen,192.168.1.79,10173,2020-11-25,14:14:20.424,2020-11-25 14:14:20,authentication,0.0,OK
298,prueba,karen,192.168.1.79,10173,2020-11-25,14:14:20.455,2020-11-25 14:14:20,SET,0.172,OK
299,prueba,karen,192.168.1.79,10173,2020-11-25,14:15:20.487,2020-11-25 14:15:20,SELECT,2.310,OK
300,prueba,karen,192.168.1.79,10173,2020-11-25,14:15:20.518,2020-11-25 14:15:20,SELECT,2.676,OK
301,prueba,karen,192.168.1.79,10176,2020-11-25,14:16:20.619,2020-11-25 14:16:20,,0.0,OK
302,prueba,karen,192.168.1.79,10173,2020-11-25,14:16:20.625,2020-11-25 14:16:20,idle,0.0,OK
303,prueba,karen,192.168.1.79,10176,2020-11-25,14:16:20.684,2020-11-25 14:16:20,authentication,0.0,OK
304,prueba,karen,192.168.1.79,10176,2020-11-25,14:17:20.715,2020-11-25 14:17:20,SET,0.194,OK
305,prueba,karen,192.168.1.79,10176,2020-11-25,14:17:20.747,2020-11-25 14:17:20,SELECT,1.759,OK
306,prueba,karen,192.168.1.79,10176,2020-11-25,14:18:20.780,2020-11-25 14:18:20,SELECT,4.476,OK
307,prueba,karen,192.168.1.79,13849,2020-11-25,14:18:42.187,2020-11-25 14:18:41,SELECT,0.210,OK
308,prueba,karen,192.168.1.79,13849,2020-11-25,14:19:42.208,2020-11-25 14:19:41,idle,0.0,OK
309,prueba,karen,192.168.1.79,13931,2020-11-25,14:19:20.758,2020-11-25 14:19:20,,0.0,OK
310,prueba,karen,192.168.1.79,13931,2020-11-25,14:20:20.827,2020-11-25 14:20:20,authentication,0.0,OK
311,prueba,karen,192.168.1.79,13931,2020-11-25,14:20:20.857,2020-11-25 14:20:20,SET,0.232,OK
312,prueba,karen,192.168.1.79,13931,2020-11-25,14:21:20.890,2020-11-25 14:21:20,SELECT,1.699,OK
313,prueba,karen,192.168.1.79,13931,2020-11-25,14:21:20.921,2020-11-25 14:21:20,SELECT,2.625,OK
314,prueba,karen,192.168.1.79,80803,2020-11-25,14:22:55.229,2020-11-25 14:22:55,authentication,0.0,OK
315,prueba,karen,192.168.1.79,80803,2020-11-25,14:22:55.231,2020-11-25 14:22:55,SET,0.144,OK
316,prueba,karen,192.168.1.79,80803,2020-11-25,14:23:55.234,2020-11-25 14:23:55,SELECT,1.564,OK
317,prueba,karen,192.168.1.79,80803,2020-11-25,14:23:55.237,2020-11-25 14:23:55,SELECT,2.541,OK
318,prueba,karen,192.168.1.79,80803,2020-11-25,14:24:55.241,2020-11-25 14:24:55,INSERT,1.508,OK
319,prueba,karen,192.168.1.79,80803,2020-11-25,14:24:55.244,2020-11-25 14:24:55,idle,0.0,OK
320,prueba,karen,192.168.1.79,80804,2020-11-25,14:24:55.272,2020-11-25 14:24:55,,0.0,OK
321,prueba,karen,192.168.1.79,80804,2020-11-25,14:25:55.272,2020-11-25 14:25:55,authentication,0.0,OK
322,prueba,karen,192.168.1.79,80804,2020-11-25,14:25:55.274,2020-11-25 14:25:55,SET,0.132,OK
323,prueba,karen,192.168.1.79,80804,2020-11-25,14:25:55.277,2020-11-25 14:25:55,SELECT,1.415,OK
324,prueba,karen,192.168.1.79,80804,2020-11-25,14:26:55.279,2020-11-25 14:26:55,SELECT,2.321,OK
325,prueba,karen,192.168.1.79,80804,2020-11-25,14:26:55.284,2020-11-25 14:26:55,INSERT,1.477,OK
326,prueba,karen,192.168.1.79,80804,2020-11-25,14:26:55.286,2020-11-25 14:26:55,idle,0.0,OK
327,prueba,karen,192.168.1.79,80805,2020-11-25,14:27:55.318,2020-11-25 14:27:55,,0.0,OK
328,prueba,karen,192.168.1.79,80805,2020-11-25,14:27:55.318,2020-11-25 14:27:55,authentication,0.0,OK
329,prueba,karen,192.168.1.79,80805,2020-11-25,14:27:55.320,2020-11-25 14:27:55,SET,0.139,OK
330,prueba,karen,192.168.1.79,80805,2020-11-25,14:28:55.323,2020-11-25 14:28:55,SELECT,1.409,OK
331,prueba,karen,192.168.1.79,80805,2020-11-25,14:28:55.326,2020-11-25 14:28:55,SELECT,2.474,OK
332,prueba,karen,192.168.1.79,80805,2020-11-25,14:29:55.330,2020-11-25 14:29:55,INSERT,1.455,OK
333,prueba,karen,192.168.1.79,80805,2020-11-25,14:29:55.332,2020-11-25 14:29:55,idle,0.0,OK
334,prueba,karen,192.168.1.79,80806,2020-11-25,14:29:55.374,2020-11-25 14:29:55,,0.0,OK
335,prueba,karen,192.168.1.79,80806,2020-11-25,14:29:55.374,2020-11-25 14:29:55,authentication,0.0,OK
336,prueba,karen,192.168.1.79,80806,2020-11-25,14:29:55.376,2020-11-25 14:29:55,SET,0.134,OK
337,prueba,karen,192.168.1.79,80806,2020-11-25,14:29:55.379,2020-11-25 14:29:55,SELECT,1.440,OK
338,prueba,karen,192.168.1.79,80806,2020-11-25,14:30:55.382,2020-11-25 14:30:55,SELECT,2.623,OK
339,prueba,karen,192.168.1.79,80806,2020-11-25,14:30:55.386,2020-11-25 14:30:55,INSERT,1.367,OK
340,prueba,karen,192.168.1.79,80806,2020-11-25,14:30:55.388,2020-11-25 14:30:55,idle,0.0,OK
341,prueba,karen,192.168.1.79,80807,2020-11-25,14:30:55.413,2020-11-25 14:30:55,authentication,0.0,OK
342,prueba,karen,192.168.1.79,10176,2020-11-25,14:31:20.619,2020-11-25 14:31:20,,0.0,OK
343,prueba,karen,192.168.1.79,10173,2020-11-25,14:31:20.625,2020-11-25 14:31:20,idle,0.0,OK
344,prueba,karen,192.168.1.79,10176,2020-11-25,14:32:20.684,2020-11-25 14:32:20,authentication,0.0,OK
345,prueba,karen,192.168.1.79,10176,2020-11-25,14:32:20.715,2020-11-25 14:32:20,SET,0.194,OK
346,prueba,karen,192.168.1.79,10176,2020-11-25,14:33:20.747,2020-11-25 14:33:20,SELECT,1.759,OK
347,prueba,karen,192.168.1.79,10176,2020-11-25,14:33:20.780,2020-11-25 14:33:20,SELECT,4.476,OK
348,prueba,karen,192.168.1.79,10176,2020-11-25,14:34:20.878,2020-11-25 14:34:20,SELECT,2.613,OK
349,prueba,karen,192.168.1.79,10176,2020-11-25,14:34:20.900,2020-11-25 14:34:20,idle,0.0,OK
350,prueba,karen,192.168.1.79,10187,2020-11-25,14:35:25.885,2020-11-25 14:35:25,,0.0,OK
351,prueba,karen,192.168.1.79,10187,2020-11-25,14:35:25.951,2020-11-25 14:35:25,authentication,0.0,OK
352,prueba,karen,192.168.1.79,10187,2020-11-25,14:36:25.983,2020-11-25 14:36:25,SET,0.177,OK
353,prueba,karen,192.168.1.79,10187,2020-11-25,14:36:26.014,2020-11-25 14:36:25,SELECT,1.642,OK
354,prueba,karen,192.168.1.79,10187,2020-11-25,14:37:26.046,2020-11-25 14:37:25,SELECT,3.637,OK
355,prueba,karen,192.168.1.79,10187,2020-11-25,14:37:26.119,2020-11-25 14:37:25,idle,0.0,OK
356,prueba,karen,192.168.1.79,11440,2020-11-25,14:38:29.165,2020-11-25 14:38:29,,0.0,OK
357,prueba,karen,192.168.1.79,11440,2020-11-25,14:38:29.242,2020-11-25 14:38:29,authentication,0.0,OK
358,prueba,karen,192.168.1.79,11440,2020-11-25,14:39:29.280,2020-11-25 14:39:29,SELECT,7.530,OK
359,prueba,karen,192.168.1.79,11440,2020-11-25,14:39:29.304,2020-11-25 14:39:29,idle,0.0,OK
360,prueba,karen,192.168.1.79,11443,2020-11-25,14:40:29.749,2020-11-25 14:40:29,,0.0,OK
361,prueba,karen,192.168.1.79,11443,2020-11-25,14:40:29.818,2020-11-25 14:40:29,authentication,0.0,OK
362,prueba,karen,192.168.1.79,11443,2020-11-25,14:41:29.857,2020-11-25 14:41:29,SELECT,7.801,OK
363,prueba,karen,192.168.1.79,11444,2020-11-25,14:41:29.874,2020-11-25 14:41:29,,0.0,OK
364,prueba,karen,192.168.1.79,11444,2020-11-25,14:42:29.941,2020-11-25 14:42:29,authentication,0.0,OK
365,prueba,karen,192.168.1.79,11444,2020-11-25,14:42:29.973,2020-11-25 14:42:29,SET,0.212,OK
366,prueba,karen,192.168.1.79,11444,2020-11-25,14:43:30.032,2020-11-25 14:43:29,SELECT,0.962,OK
367,prueba,karen,192.168.1.79,11444,2020-11-25,14:43:30.069,2020-11-25 14:43:29,SELECT,4.642,OK
368,prueba,karen,192.168.1.79,11444,2020-11-25,14:44:30.159,2020-11-25 14:44:29,SELECT,1.253,OK
369,prueba,karen,192.168.1.79,11444,2020-11-25,14:44:30.202,2020-11-25 14:44:29,INSERT,3.003,OK
370,prueba,karen,192.168.1.79,11444,2020-11-25,14:45:30.236,2020-11-25 14:45:29,UPDATE,0.0,OK
371,prueba,karen,192.168.1.79,11444,2020-11-25,14:45:30.275,2020-11-25 14:45:29,SELECT,9.779,OK
372,prueba,karen,192.168.1.79,11444,2020-11-25,14:46:30.297,2020-11-25 14:46:29,SELECT,0.516,OK
373,prueba,karen,192.168.1.79,11444,2020-11-25,14:46:30.329,2020-11-25 14:46:29,SELECT,1.382,OK
374,prueba,karen,192.168.1.79,11444,2020-11-25,14:47:30.359,2020-11-25 14:47:29,UPDATE,0.0,OK
375,prueba,karen,192.168.1.79,11444,2020-11-25,14:47:30.390,2020-11-25 14:47:29,INSERT,1.469,OK
376,prueba,karen,192.168.1.79,11443,2020-11-25,14:48:30.419,2020-11-25 14:48:29,idle,0.0,OK
377,prueba,karen,192.168.1.79,11444,2020-11-25,14:48:30.419,2020-11-25 14:48:29,idle,0.0,OK
378,prueba,karen,192.168.1.79,11445,2020-11-25,14:49:30.485,2020-11-25 14:49:30,,0.0,OK
379,prueba,karen,192.168.1.79,11445,2020-11-25,14:49:30.556,2020-11-25 14:49:30,authentication,0.0,OK
380,prueba,karen,192.168.1.79,11445,2020-11-25,14:49:30.586,2020-11-25 14:49:30,SET,0.236,OK
381,prueba,karen,192.168.1.79,11445,2020-11-25,14:50:30.619,2020-11-25 14:50:30,SELECT,2.591,OK
382,prueba,karen,192.168.1.79,11445,2020-11-25,14:50:30.649,2020-11-25 14:50:30,SELECT,2.638,OK
383,prueba,karen,192.168.1.79,11445,2020-11-25,14:51:30.725,2020-11-25 14:51:30,idle,0.0,OK
384,prueba,karen,192.168.1.79,11449,2020-11-25,14:51:30.815,2020-11-25 14:51:30,,0.0,OK
385,prueba,karen,192.168.1.79,11449,2020-11-25,14:51:30.892,2020-11-25 14:51:30,authentication,0.0,OK
386,prueba,karen,192.168.1.79,11449,2020-11-25,14:52:30.922,2020-11-25 14:52:30,SET,0.175,OK
387,prueba,karen,192.168.1.79,11449,2020-11-25,14:52:30.955,2020-11-25 14:52:30,SELECT,1.726,OK
388,prueba,karen,192.168.1.79,11449,2020-11-25,14:53:30.985,2020-11-25 14:53:30,SELECT,2.760,OK
389,prueba,karen,192.168.1.79,11449,2020-11-25,14:53:31.082,2020-11-25 14:53:30,SELECT,1.638,OK
390,prueba,karen,192.168.1.79,11452,2020-11-25,14:54:31.102,2020-11-25 14:54:31,,0.0,OK
391,prueba,karen,192.168.1.79,11449,2020-11-25,14:54:31.107,2020-11-25 14:54:30,idle,0.0,OK
392,prueba,karen,192.168.1.79,11452,2020-11-25,14:55:31.166,2020-11-25 14:55:31,authentication,0.0,OK
393,prueba,karen,192.168.1.79,11452,2020-11-25,14:55:31.196,2020-11-25 14:55:31,SET,0.180,OK
394,prueba,karen,192.168.1.79,11452,2020-11-25,14:56:31.229,2020-11-25 14:56:31,SELECT,2.095,OK
395,prueba,karen,192.168.1.79,11452,2020-11-25,14:56:31.261,2020-11-25 14:56:31,SELECT,4.084,OK
396,prueba,karen,192.168.1.79,11452,2020-11-25,14:57:31.337,2020-11-25 14:57:31,SELECT,0.938,OK
397,prueba,karen,192.168.1.79,11452,2020-11-25,14:57:31.367,2020-11-25 14:57:31,SELECT,0.725,OK
398,prueba,karen,192.168.1.79,11452,2020-11-25,14:58:31.396,2020-11-25 14:58:31,idle,0.0,OK
399,prueba,karen,192.168.1.79,11454,2020-11-25,14:58:31.397,2020-11-25 14:58:31,,0.0,OK
400,prueba,karen,192.168.1.79,11454,2020-11-25,14:59:31.473,2020-11-25 14:59:31,authentication,0.0,OK
401,prueba,karen,192.168.1.79,11454,2020-11-25,14:59:31.504,2020-11-25 14:59:31,SET,0.223,OK
402,prueba,karen,192.168.1.79,11454,2020-11-25,15:00:31.536,2020-11-25 15:00:31,SELECT,1.683,OK
403,prueba,karen,192.168.1.79,12588,2020-11-25,15:00:35.874,2020-11-25 15:00:35,SELECT,0.488,OK
404,prueba,karen,192.168.1.79,12588,2020-11-25,15:01:35.905,2020-11-25 15:01:35,idle,0.0,OK
405,prueba,karen,192.168.1.79,12610,2020-11-25,15:01:44.546,2020-11-25 15:01:44,,0.0,OK
406,prueba,karen,192.168.1.79,12610,2020-11-25,15:02:44.624,2020-11-25 15:02:44,authentication,0.0,OK
407,prueba,karen,192.168.1.79,12610,2020-11-25,15:02:44.654,2020-11-25 15:02:44,SET,0.378,OK
408,prueba,karen,192.168.1.79,12610,2020-11-25,15:03:44.685,2020-11-25 15:03:44,SELECT,2.190,OK
409,prueba,karen,192.168.1.79,12610,2020-11-25,15:03:44.717,2020-11-25 15:03:44,SELECT,2.671,OK
410,prueba,karen,192.168.1.79,12610,2020-11-25,15:04:44.808,2020-11-25 15:04:44,SELECT,1.597,OK
411,prueba,karen,192.168.1.79,12610,2020-11-25,15:04:44.839,2020-11-25 15:04:44,SELECT,1.906,OK
412,prueba,karen,192.168.1.79,12610,2020-11-25,15:05:44.872,2020-11-25 15:05:44,SELECT,4.015,OK
413,prueba,karen,192.168.1.79,12610,2020-11-25,15:05:44.899,2020-11-25 15:05:44,SELECT,1.369,OK
414,prueba,karen,192.168.1.79,12610,2020-11-25,15:06:44.929,2020-11-25 15:06:44,SELECT,0.590,OK
415,prueba,karen,192.168.1.79,12610,2020-11-25,15:06:44.960,2020-11-25 15:06:44,SELECT,0.871,OK
416,prueba,karen,192.168.1.79,12610,2020-11-25,15:07:44.990,2020-11-25 15:07:44,SELECT,0.845,OK
417,prueba,karen,192.168.1.79,12610,2020-11-25,15:07:45.428,2020-11-25 15:07:44,SELECT,0.591,OK
418,prueba,karen,192.168.1.79,12610,2020-11-25,15:08:45.817,2020-11-25 15:08:44,SELECT,1.834,OK
419,prueba,karen,192.168.1.79,12610,2020-11-25,15:08:46.217,2020-11-25 15:08:44,SELECT,3.535,OK
420,prueba,karen,192.168.1.79,12610,2020-11-25,15:09:46.248,2020-11-25 15:09:44,SELECT,0.447,OK
421,prueba,karen,192.168.1.79,12610,2020-11-25,15:09:46.279,2020-11-25 15:09:44,SELECT,0.686,OK
422,prueba,karen,192.168.1.79,12610,2020-11-25,15:10:46.308,2020-11-25 15:10:44,SELECT,0.533,OK
423,prueba,karen,192.168.1.79,12610,2020-11-25,15:10:46.340,2020-11-25 15:10:44,idle,0.0,OK
424,prueba,karen,192.168.1.79,12627,2020-11-25,15:11:52.881,2020-11-25 15:11:52,,0.0,OK
425,prueba,karen,192.168.1.79,12627,2020-11-25,15:11:52.959,2020-11-25 15:11:52,authentication,0.0,OK
426,prueba,karen,192.168.1.79,12627,2020-11-25,15:12:52.989,2020-11-25 15:12:52,SET,0.262,OK
427,prueba,karen,192.168.1.79,12627,2020-11-25,15:12:53.022,2020-11-25 15:12:52,SELECT,1.843,OK
428,prueba,karen,192.168.1.79,12627,2020-11-25,15:13:53.055,2020-11-25 15:13:52,SELECT,4.449,OK
429,prueba,karen,192.168.1.79,12627,2020-11-25,15:13:53.144,2020-11-25 15:13:52,SELECT,1.834,OK
430,prueba,karen,192.168.1.79,12627,2020-11-25,15:14:53.175,2020-11-25 15:14:52,SELECT,2.348,OK
431,prueba,karen,192.168.1.79,12627,2020-11-25,15:14:53.207,2020-11-25 15:14:52,SELECT,3.412,OK
432,prueba,karen,192.168.1.79,12627,2020-11-25,15:15:53.235,2020-11-25 15:15:52,SELECT,1.518,OK
433,prueba,karen,192.168.1.79,12627,2020-11-25,15:15:53.265,2020-11-25 15:15:52,SELECT,0.391,OK
434,prueba,karen,192.168.1.79,12627,2020-11-25,15:16:53.294,2020-11-25 15:16:52,SELECT,0.925,OK
435,prueba,karen,192.168.1.79,12627,2020-11-25,15:16:53.325,2020-11-25 15:16:52,SELECT,0.376,OK
436,prueba,karen,192.168.1.79,80807,2020-11-25,15:30:55.415,2020-11-25 15:30:55,SET,0.140,OK
437,prueba,karen,192.168.1.79,80807,2020-11-25,15:30:55.418,2020-11-25 15:30:55,SELECT,1.430,OK
438,prueba,karen,192.168.1.79,80807,2020-11-25,15:30:55.420,2020-11-25 15:30:55,SELECT,2.360,OK
439,prueba,karen,192.168.1.79,80807,2020-11-25,15:31:55.424,2020-11-25 15:31:55,INSERT,1.304,OK
440,prueba,karen,192.168.1.79,80807,2020-11-25,15:31:55.426,2020-11-25 15:31:55,idle,0.0,OK
441,prueba,karen,192.168.1.79,80810,2020-11-25,15:31:55.454,2020-11-25 15:31:55,,0.0,OK
442,prueba,karen,192.168.1.79,80810,2020-11-25,15:31:55.455,2020-11-25 15:31:55,authentication,0.0,OK
443,prueba,karen,192.168.1.79,80810,2020-11-25,15:31:55.458,2020-11-25 15:31:55,SET,0.286,OK
444,prueba,karen,192.168.1.79,80810,2020-11-25,15:32:55.463,2020-11-25 15:32:55,SELECT,1.878,OK
445,prueba,karen,192.168.1.79,80810,2020-11-25,15:32:55.466,2020-11-25 15:32:55,SELECT,3.163,OK
446,prueba,karen,192.168.1.79,80810,2020-11-25,15:32:55.471,2020-11-25 15:32:55,INSERT,1.124,OK
447,prueba,karen,192.168.1.79,80810,2020-11-25,15:32:55.473,2020-11-25 15:32:55,idle,0.0,OK
448,prueba,karen,192.168.1.79,80811,2020-11-25,15:33:55.504,2020-11-25 15:33:55,,0.0,OK
449,prueba,karen,192.168.1.79,80811,2020-11-25,15:33:55.504,2020-11-25 15:33:55,authentication,0.0,OK
450,prueba,karen,192.168.1.79,80811,2020-11-25,15:33:55.506,2020-11-25 15:33:55,SET,0.180,OK
451,prueba,karen,192.168.1.79,80811,2020-11-25,15:33:55.509,2020-11-25 15:33:55,SELECT,1.479,OK
452,prueba,karen,192.168.1.79,80811,2020-11-25,15:33:55.511,2020-11-25 15:33:55,SELECT,2.384,OK
453,prueba,karen,192.168.1.79,80811,2020-11-25,15:34:55.515,2020-11-25 15:34:55,INSERT,1.585,OK
454,prueba,karen,192.168.1.79,80811,2020-11-25,15:34:55.518,2020-11-25 15:34:55,idle,0.0,OK
455,prueba,karen,192.168.1.79,80812,2020-11-25,15:34:55.547,2020-11-25 15:34:55,,0.0,OK
456,prueba,karen,192.168.1.79,80812,2020-11-25,15:35:55.547,2020-11-25 15:35:55,authentication,0.0,OK
457,prueba,karen,192.168.1.79,80812,2020-11-25,15:35:55.549,2020-11-25 15:35:55,SET,0.133,OK
458,prueba,karen,192.168.1.79,80812,2020-11-25,15:35:55.553,2020-11-25 15:35:55,SELECT,1.883,OK
459,prueba,karen,192.168.1.79,80812,2020-11-25,15:35:55.556,2020-11-25 15:35:55,SELECT,3.302,OK
460,prueba,karen,192.168.1.79,80812,2020-11-25,15:36:55.561,2020-11-25 15:36:55,INSERT,1.605,OK
461,prueba,karen,192.168.1.79,80813,2020-11-25,15:36:55.593,2020-11-25 15:36:55,authentication,0.0,OK
462,prueba,karen,192.168.1.79,80813,2020-11-25,15:36:55.597,2020-11-25 15:36:55,SET,0.310,OK
463,prueba,karen,192.168.1.79,80813,2020-11-25,15:37:55.603,2020-11-25 15:37:55,SELECT,2.205,OK
464,prueba,karen,192.168.1.79,80813,2020-11-25,15:37:55.608,2020-11-25 15:37:55,SELECT,5.075,OK
465,prueba,karen,192.168.1.79,80813,2020-11-25,15:37:55.613,2020-11-25 15:37:55,INSERT,1.368,OK
466,prueba,karen,192.168.1.79,80813,2020-11-25,15:38:55.616,2020-11-25 15:38:55,idle,0.0,OK
467,prueba,karen,192.168.1.79,12636,2020-11-25,15:38:57.987,2020-11-25 15:38:56,SELECT,1.356,OK
468,prueba,karen,192.168.1.79,12636,2020-11-25,15:39:58.398,2020-11-25 15:39:56,SELECT,3.458,OK
469,prueba,karen,192.168.1.79,12636,2020-11-25,15:39:59.046,2020-11-25 15:39:56,idle,0.0,OK
470,prueba,karen,192.168.1.79,13798,2020-11-25,15:39:19.182,2020-11-25 15:39:19,,0.0,OK
471,prueba,karen,192.168.1.79,13798,2020-11-25,15:40:19.257,2020-11-25 15:40:19,authentication,0.0,OK
472,prueba,karen,192.168.1.79,13798,2020-11-25,15:40:19.289,2020-11-25 15:40:19,SET,0.190,OK
473,prueba,karen,192.168.1.79,13798,2020-11-25,15:41:19.321,2020-11-25 15:41:19,SELECT,2.401,OK
474,prueba,karen,192.168.1.79,13798,2020-11-25,15:41:19.353,2020-11-25 15:41:19,SELECT,3.789,OK
475,prueba,karen,192.168.1.79,13798,2020-11-25,15:42:19.443,2020-11-25 15:42:19,SELECT,1.772,OK
476,prueba,karen,192.168.1.79,13798,2020-11-25,15:42:19.475,2020-11-25 15:42:19,SELECT,2.489,OK
477,prueba,karen,192.168.1.79,13798,2020-11-25,15:43:19.506,2020-11-25 15:43:19,SELECT,3.752,OK
478,prueba,karen,192.168.1.79,13798,2020-11-25,15:43:19.533,2020-11-25 15:43:19,SELECT,1.220,OK
479,prueba,karen,192.168.1.79,13798,2020-11-25,15:44:19.563,2020-11-25 15:44:19,SELECT,0.319,OK
480,prueba,karen,192.168.1.79,13798,2020-11-25,15:44:19.594,2020-11-25 15:44:19,SELECT,0.924,OK
481,prueba,karen,192.168.1.79,13798,2020-11-25,15:45:19.624,2020-11-25 15:45:19,SELECT,0.795,OK
482,prueba,karen,192.168.1.79,13798,2020-11-25,15:45:19.655,2020-11-25 15:45:19,SELECT,0.708,OK
483,prueba,karen,192.168.1.79,13798,2020-11-25,15:46:19.685,2020-11-25 15:46:19,idle,0.0,OK
484,prueba,karen,192.168.1.79,13799,2020-11-25,15:46:19.709,2020-11-25 15:46:19,,0.0,OK
485,prueba,karen,192.168.1.79,13799,2020-11-25,15:47:19.791,2020-11-25 15:47:19,authentication,0.0,OK
486,prueba,karen,192.168.1.79,13799,2020-11-25,15:47:19.821,2020-11-25 15:47:19,SET,0.209,OK
487,prueba,karen,192.168.1.79,13799,2020-11-25,15:48:19.854,2020-11-25 15:48:19,SELECT,1.738,OK
488,prueba,karen,192.168.1.79,13799,2020-11-25,15:48:19.886,2020-11-25 15:48:19,SELECT,3.904,OK
489,prueba,karen,192.168.1.79,13799,2020-11-25,15:49:19.963,2020-11-25 15:49:19,SELECT,4.358,OK
490,prueba,karen,192.168.1.79,13799,2020-11-25,15:49:19.990,2020-11-25 15:49:19,idle,0.0,OK
491,prueba,karen,192.168.1.79,13848,2020-11-25,15:50:41.279,2020-11-25 15:50:41,,0.0,OK
492,prueba,karen,192.168.1.79,13848,2020-11-25,15:50:41.354,2020-11-25 15:50:41,authentication,0.0,OK
493,prueba,karen,192.168.1.79,13848,2020-11-25,15:51:41.385,2020-11-25 15:51:41,SET,0.178,OK
494,prueba,karen,192.168.1.79,13848,2020-11-25,15:51:41.417,2020-11-25 15:51:41,SELECT,2.181,OK
495,prueba,karen,192.168.1.79,13848,2020-11-25,15:52:41.448,2020-11-25 15:52:41,SELECT,2.783,OK
496,prueba,karen,192.168.1.79,13848,2020-11-25,15:52:41.523,2020-11-25 15:52:41,SELECT,0.707,OK
497,prueba,karen,192.168.1.79,13848,2020-11-25,15:53:41.569,2020-11-25 15:53:41,SELECT,0.662,OK
498,prueba,karen,192.168.1.79,13848,2020-11-25,15:53:41.614,2020-11-25 15:53:41,idle,0.0,OK
499,prueba,karen,192.168.1.79,13849,2020-11-25,15:54:41.668,2020-11-25 15:54:41,,0.0,OK
500,prueba,karen,192.168.1.79,13849,2020-11-25,15:54:41.734,2020-11-25 15:54:41,authentication,0.0,OK
501,prueba,karen,192.168.1.79,13849,2020-11-25,15:55:41.766,2020-11-25 15:55:41,SET,0.183,OK
502,prueba,karen,192.168.1.79,13849,2020-11-25,15:55:41.797,2020-11-25 15:55:41,SELECT,2.305,OK
503,prueba,karen,192.168.1.79,13849,2020-11-25,15:56:42.056,2020-11-25 15:56:41,SELECT,0.162,OK
504,prueba,gabriela,192.168.1.79,10176,2020-11-25,17:30:20.900,2020-11-25 17:30:20,idle,0.0,OK
505,prueba,gabriela,192.168.1.79,10187,2020-11-25,17:30:25.885,2020-11-25 17:30:25,,0.0,OK
506,prueba,gabriela,192.168.1.79,10187,2020-11-25,17:30:25.951,2020-11-25 17:30:25,authentication,0.0,OK
507,prueba,gabriela,192.168.1.79,10187,2020-11-25,17:30:25.983,2020-11-25 17:30:25,SET,0.177,OK
508,prueba,gabriela,192.168.1.79,10187,2020-11-25,17:31:26.014,2020-11-25 17:31:25,SELECT,1.642,OK
509,prueba,gabriela,192.168.1.79,10187,2020-11-25,17:31:26.046,2020-11-25 17:31:25,SELECT,3.637,OK
510,prueba,gabriela,192.168.1.79,10187,2020-11-25,17:31:26.119,2020-11-25 17:31:25,idle,0.0,OK
511,prueba,gabriela,192.168.1.79,11440,2020-11-25,17:32:29.165,2020-11-25 17:32:29,,0.0,OK
512,prueba,gabriela,192.168.1.79,11440,2020-11-25,17:32:29.242,2020-11-25 17:32:29,authentication,0.0,OK
513,prueba,gabriela,192.168.1.79,11440,2020-11-25,17:32:29.280,2020-11-25 17:32:29,SELECT,7.530,OK
514,prueba,gabriela,192.168.1.79,11440,2020-11-25,17:33:29.304,2020-11-25 17:33:29,idle,0.0,OK
515,prueba,gabriela,192.168.1.79,11443,2020-11-25,17:34:29.749,2020-11-25 17:34:29,,0.0,OK
516,prueba,gabriela,192.168.1.79,11443,2020-11-25,17:34:29.818,2020-11-25 17:34:29,authentication,0.0,OK
517,prueba,gabriela,192.168.1.79,11443,2020-11-25,17:34:29.857,2020-11-25 17:34:29,SELECT,7.801,OK
518,prueba,gabriela,192.168.1.79,11444,2020-11-25,17:35:29.874,2020-11-25 17:35:29,,0.0,OK
519,prueba,gabriela,192.168.1.79,11444,2020-11-25,17:35:29.941,2020-11-25 17:35:29,authentication,0.0,OK
520,prueba,gabriela,192.168.1.79,11444,2020-11-25,17:35:29.973,2020-11-25 17:35:29,SET,0.212,OK
521,prueba,gabriela,192.168.1.79,11444,2020-11-25,17:35:30.032,2020-11-25 17:35:29,SELECT,0.962,OK
522,prueba,gabriela,192.168.1.79,11444,2020-11-25,17:36:30.069,2020-11-25 17:36:29,SELECT,4.642,OK
523,prueba,gabriela,192.168.1.79,11444,2020-11-25,17:36:30.159,2020-11-25 17:36:29,SELECT,1.253,OK
524,prueba,gabriela,192.168.1.79,11444,2020-11-25,17:36:30.202,2020-11-25 17:36:29,INSERT,1.003,OK
525,prueba,gabriela,192.168.1.79,11444,2020-11-25,17:37:30.236,2020-11-25 17:37:29,UPDATE,0.0,OK
526,prueba,gabriela,192.168.1.79,11444,2020-11-25,17:37:30.275,2020-11-25 17:37:29,SELECT,9.779,OK
527,prueba,gabriela,192.168.1.79,11444,2020-11-25,17:37:30.297,2020-11-25 17:37:29,SELECT,0.516,OK
528,prueba,gabriela,192.168.1.79,11444,2020-11-25,17:38:30.329,2020-11-25 17:38:29,SELECT,1.382,OK
529,prueba,gabriela,192.168.1.79,11444,2020-11-25,17:38:30.359,2020-11-25 17:38:29,UPDATE,0.0,OK
530,prueba,gabriela,192.168.1.79,11444,2020-11-25,17:38:30.390,2020-11-25 17:38:29,INSERT,1.469,OK
531,prueba,gabriela,192.168.1.79,11443,2020-11-25,17:39:30.419,2020-11-25 17:29:29,idle,0.0,OK
532,prueba,gabriela,192.168.1.79,11444,2020-11-25,17:39:30.419,2020-11-25 17:39:29,idle,0.0,OK
533,prueba,gabriela,192.168.1.79,11445,2020-11-25,17:39:30.485,2020-11-25 17:39:30,,0.0,OK
534,prueba,gabriela,192.168.1.79,11445,2020-11-25,17:40:30.556,2020-11-25 17:40:30,authentication,0.0,OK
535,prueba,gabriela,192.168.1.79,11445,2020-11-25,17:40:30.586,2020-11-25 17:40:30,SET,0.236,OK
536,prueba,gabriela,192.168.1.79,11445,2020-11-25,17:40:30.619,2020-11-25 17:40:30,SELECT,2.591,OK
537,prueba,gabriela,192.168.1.79,11445,2020-11-25,17:41:30.649,2020-11-25 17:41:30,SELECT,2.638,OK
538,prueba,gabriela,192.168.1.79,11445,2020-11-25,17:41:30.725,2020-11-25 17:41:30,idle,0.0,OK
539,prueba,gabriela,192.168.1.79,11449,2020-11-25,17:41:30.815,2020-11-25 17:41:30,,0.0,OK
540,prueba,gabriela,192.168.1.79,11449,2020-11-25,17:42:30.892,2020-11-25 17:42:30,authentication,0.0,OK
541,prueba,gabriela,192.168.1.79,11449,2020-11-25,17:42:30.922,2020-11-25 17:42:30,SET,0.175,OK
542,prueba,gabriela,192.168.1.79,11449,2020-11-25,17:42:30.955,2020-11-25 17:42:30,SELECT,1.726,OK
543,prueba,gabriela,192.168.1.79,11449,2020-11-25,17:43:30.985,2020-11-25 17:43:30,SELECT,2.760,OK
544,prueba,gabriela,192.168.1.79,11627,2020-11-25,17:43:04.613,2020-11-25 17:43:04,SELECT,7.076,OK
545,prueba,gabriela,192.168.1.79,11627,2020-11-25,17:43:04.637,2020-11-25 17:43:04,SELECT,1.149,OK
546,prueba,gabriela,192.168.1.79,11627,2020-11-25,17:44:04.668,2020-11-25 17:44:04,SELECT,0.307,OK
547,prueba,gabriela,192.168.1.79,11627,2020-11-25,17:44:04.698,2020-11-25 17:44:04,SELECT,0.807,OK
548,prueba,gabriela,192.168.1.79,11627,2020-11-25,17:44:04.728,2020-11-25 17:44:04,SELECT,1.260,OK
549,prueba,gabriela,192.168.1.79,11627,2020-11-25,17:45:04.759,2020-11-25 17:45:04,SELECT,0.814,OK
550,prueba,gabriela,192.168.1.79,11627,2020-11-25,17:45:05.183,2020-11-25 17:45:04,SELECT,3.706,OK
551,prueba,gabriela,192.168.1.79,11627,2020-11-25,17:45:05.587,2020-11-25 17:45:04,SELECT,0.712,OK
552,prueba,gabriela,192.168.1.79,11627,2020-11-25,17:46:06.001,2020-11-25 17:46:04,SELECT,0.122,OK
553,prueba,gabriela,192.168.1.79,11627,2020-11-25,17:46:06.029,2020-11-25 17:46:04,SELECT,1.029,OK
554,prueba,gabriela,192.168.1.79,11627,2020-11-25,17:46:06.059,2020-11-25 17:46:04,SELECT,0.406,OK
555,prueba,gabriela,192.168.1.79,11627,2020-11-25,17:47:06.089,2020-11-25 17:47:04,SELECT,0.522,OK
556,prueba,gabriela,192.168.1.79,11627,2020-11-25,17:47:06.121,2020-11-25 17:47:04,idle,0.0,OK
557,prueba,gabriela,192.168.1.79,12568,2020-11-25,17:47:29.650,2020-11-25 17:47:29,,0.0,OK
558,prueba,gabriela,192.168.1.79,12568,2020-11-25,17:48:29.714,2020-11-25 17:48:29,authentication,0.0,OK
559,prueba,gabriela,192.168.1.79,12568,2020-11-25,17:48:29.744,2020-11-25 17:48:29,SET,0.218,OK
560,prueba,gabriela,192.168.1.79,12568,2020-11-25,17:48:29.776,2020-11-25 17:48:29,SELECT,2.093,OK
561,prueba,gabriela,192.168.1.79,12568,2020-11-25,17:49:29.807,2020-11-25 17:49:29,SELECT,2.593,OK
562,prueba,gabriela,192.168.1.79,12568,2020-11-25,17:49:29.945,2020-11-25 17:49:29,SELECT,1.475,OK
563,prueba,gabriela,192.168.1.79,12568,2020-11-25,17:49:29.974,2020-11-25 17:49:29,idle,0.0,OK
564,prueba,gabriela,192.168.1.79,12581,2020-11-25,17:49:33.575,2020-11-25 17:49:33,,0.0,OK
565,prueba,gabriela,192.168.1.79,12581,2020-11-25,17:50:33.639,2020-11-25 17:50:33,authentication,0.0,OK
566,prueba,gabriela,192.168.1.79,12581,2020-11-25,17:50:33.669,2020-11-25 17:50:33,SET,0.170,OK
567,prueba,gabriela,192.168.1.79,12581,2020-11-25,17:50:33.702,2020-11-25 17:50:33,SELECT,1.724,OK
568,prueba,gabriela,192.168.1.79,12581,2020-11-25,17:50:33.734,2020-11-25 17:50:33,SELECT,4.332,OK
569,prueba,gabriela,192.168.1.79,12581,2020-11-25,17:51:33.808,2020-11-25 17:51:33,SELECT,0.738,OK
570,prueba,gabriela,192.168.1.79,12581,2020-11-25,17:51:33.838,2020-11-25 17:51:33,SELECT,0.835,OK
571,prueba,gabriela,192.168.1.79,12581,2020-11-25,17:51:33.868,2020-11-25 17:51:33,idle,0.0,OK
572,prueba,gabriela,192.168.1.79,12582,2020-11-25,17:51:33.933,2020-11-25 17:51:33,,0.0,OK
573,prueba,gabriela,192.168.1.79,12582,2020-11-25,17:51:34.004,2020-11-25 17:51:33,authentication,0.0,OK
574,prueba,gabriela,192.168.1.79,12582,2020-11-25,17:52:34.035,2020-11-25 17:52:33,SET,0.242,OK
575,prueba,gabriela,192.168.1.79,12582,2020-11-25,17:52:34.068,2020-11-25 17:52:33,SELECT,2.290,OK
576,prueba,gabriela,192.168.1.79,12582,2020-11-25,17:52:34.100,2020-11-25 17:52:33,SELECT,3.110,OK
577,prueba,gabriela,192.168.1.79,12636,2020-11-25,17:53:59.046,2020-11-25 17:53:56,idle,0.0,OK
578,prueba,gabriela,192.168.1.79,13798,2020-11-25,17:53:19.182,2020-11-25 17:53:19,,0.0,OK
579,prueba,gabriela,192.168.1.79,13798,2020-11-25,17:53:19.257,2020-11-25 17:53:19,authentication,0.0,OK
580,prueba,gabriela,192.168.1.79,13798,2020-11-25,17:53:19.289,2020-11-25 17:53:19,SET,0.190,OK
581,prueba,gabriela,192.168.1.79,13798,2020-11-25,17:53:19.321,2020-11-25 17:53:19,SELECT,2.401,OK
582,prueba,gabriela,192.168.1.79,13798,2020-11-25,17:54:19.353,2020-11-25 17:54:19,SELECT,3.789,OK
583,prueba,gabriela,192.168.1.79,13798,2020-11-25,17:54:19.443,2020-11-25 17:54:19,SELECT,1.772,OK
584,prueba,gabriela,192.168.1.79,13798,2020-11-25,17:54:19.475,2020-11-25 17:54:19,SELECT,2.489,OK
585,prueba,gabriela,192.168.1.79,13798,2020-11-25,17:54:19.506,2020-11-25 17:54:19,SELECT,3.752,OK
586,prueba,gabriela,192.168.1.79,13798,2020-11-25,17:55:19.533,2020-11-25 17:55:19,SELECT,1.220,OK
587,prueba,gabriela,192.168.1.79,13798,2020-11-25,17:55:19.563,2020-11-25 17:55:19,SELECT,0.319,OK
588,prueba,gabriela,192.168.1.79,13798,2020-11-25,17:55:19.594,2020-11-25 17:55:19,SELECT,0.924,OK
589,prueba,gabriela,192.168.1.79,13798,2020-11-25,17:55:19.624,2020-11-25 17:55:19,SELECT,0.795,OK
590,prueba,gabriela,192.168.1.79,13798,2020-11-25,17:55:19.655,2020-11-25 17:55:19,SELECT,0.708,OK
591,prueba,gabriela,192.168.1.79,13798,2020-11-25,17:56:19.685,2020-11-25 17:56:19,idle,0.0,OK
592,prueba,gabriela,192.168.1.79,13799,2020-11-25,17:56:19.709,2020-11-25 17:56:19,,0.0,OK
593,prueba,gabriela,192.168.1.79,13799,2020-11-25,17:56:19.791,2020-11-25 17:56:19,authentication,0.0,OK
594,prueba,gabriela,192.168.1.79,13799,2020-11-25,17:56:19.821,2020-11-25 17:56:19,SET,0.209,OK
595,prueba,gabriela,192.168.1.79,13799,2020-11-25,17:56:19.854,2020-11-25 17:56:19,SELECT,1.738,OK
596,prueba,gabriela,192.168.1.79,13799,2020-11-25,17:56:19.886,2020-11-25 17:56:19,SELECT,3.904,OK
597,prueba,gabriela,192.168.1.79,13799,2020-11-25,17:57:19.963,2020-11-25 17:57:19,SELECT,4.358,OK
598,prueba,gabriela,192.168.1.79,13799,2020-11-25,17:57:19.990,2020-11-25 17:57:19,idle,0.0,OK
599,prueba,gabriela,192.168.1.79,13848,2020-11-25,17:57:41.279,2020-11-25 12:29:41,,0.0,OK
600,prueba,gabriela,192.168.1.79,13848,2020-11-25,17:57:41.354,2020-11-25 17:57:41,authentication,0.0,OK
601,prueba,gabriela,192.168.1.79,13848,2020-11-25,17:58:41.385,2020-11-25 17:58:41,SET,0.178,OK
602,prueba,gabriela,192.168.1.79,13848,2020-11-25,17:58:41.417,2020-11-25 17:58:41,SELECT,2.181,OK
603,prueba,gabriela,192.168.1.79,13848,2020-11-25,17:58:41.448,2020-11-25 17:58:41,SELECT,2.783,OK
604,prueba,gabriela,192.168.1.79,13848,2020-11-25,17:58:41.523,2020-11-25 17:58:41,SELECT,0.707,OK
605,prueba,gabriela,192.168.1.79,13848,2020-11-25,17:58:41.569,2020-11-25 17:58:41,SELECT,0.662,OK
606,prueba,gabriela,192.168.1.79,13848,2020-11-25,17:58:41.614,2020-11-25 17:58:41,idle,0.0,OK
607,prueba,gabriela,192.168.1.79,13849,2020-11-25,17:58:41.668,2020-11-25 17:58:41,,0.0,OK
608,prueba,gabriela,192.168.1.79,13849,2020-11-25,17:59:41.734,2020-11-25 17:59:41,authentication,0.0,OK
609,prueba,gabriela,192.168.1.79,13849,2020-11-25,17:59:41.766,2020-11-25 17:59:41,SET,0.183,OK
610,prueba,gabriela,192.168.1.79,13849,2020-11-25,18:00:41.797,2020-11-25 18:00:41,SELECT,2.305,OK
611,prueba,gabriela,192.168.1.79,13849,2020-11-25,18:00:42.056,2020-11-25 18:00:41,SELECT,0.162,OK
612,prueba,gabriela,192.168.1.79,13931,2020-11-25,18:00:21.062,2020-11-25 18:00:20,SELECT,6.261,OK
613,prueba,gabriela,192.168.1.79,13931,2020-11-25,18:00:21.088,2020-11-25 18:00:20,idle,0.0,OK
614,prueba,gabriela,192.168.1.79,13940,2020-11-25,12:00:25.403,2020-11-25 12:00:25,authentication,0.0,OK
615,prueba,gabriela,192.168.1.79,13940,2020-11-25,12:00:25.434,2020-11-25 12:00:25,SET,0.216,OK
616,prueba,cesar,192.168.1.79,13940,2020-11-25,13:00:25.434,2020-11-25 13:00:25,SET,0.216,OK
617,prueba,gabriela,192.168.1.79,13940,2020-11-25,13:00:25.434,2020-11-25 13:00:25,SET,0.216,OK
618,prueba,cesar,192.168.1.79,13940,2020-11-25,14:00:25.434,2020-11-25 14:00:25,SET,0.216,OK
619,prueba,gabriela,192.168.1.79,13940,2020-11-25,14:00:25.434,2020-11-25 14:00:25,SET,0.216,OK
620,prueba,cesar,192.168.1.79,13940,2020-11-25,15:00:25.434,2020-11-25 15:00:25,SET,0.216,OK
621,prueba,gabriela,192.168.1.79,13940,2020-11-25,15:00:25.434,2020-11-25 15:00:25,SET,0.216,OK
622,prueba,cesar,192.168.1.79,13940,2020-11-25,16:00:25.434,2020-11-25 16:00:25,SET,0.216,OK
623,prueba,gabriela,192.168.1.79,13940,2020-11-25,16:00:25.434,2020-11-25 16:00:25,SET,0.216,OK
624,prueba,cesar,192.168.1.79,13940,2020-11-25,17:00:25.434,2020-11-25 17:00:25,SET,0.216,OK
625,prueba,gabriela,192.168.1.79,13940,2020-11-25,17:00:25.434,2020-11-25 17:00:25,SET,0.216,OK
626,prueba,cesar,192.168.1.79,13940,2020-11-25,18:00:25.434,2020-11-25 18:00:25,SET,0.216,OK
627,prueba,gabriela,192.168.1.79,13940,2020-11-25,18:00:25.434,2020-11-25 18:00:25,SET,0.216,OK
628,prueba,cesar,192.168.1.79,13940,2020-11-25,19:00:25.434,2020-11-25 19:00:25,SET,0.216,OK
629,prueba,gabriela,192.168.1.79,13940,2020-11-25,19:00:25.434,2020-11-25 19:00:25,SET,0.216,OK
630,prueba,cesar,192.168.1.79,13940,2020-11-25,20:00:25.434,2020-11-25 20:00:25,SET,0.216,OK
631,prueba,gabriela,192.168.1.79,13940,2020-11-25,20:00:25.434,2020-11-25 20:00:25,SET,0.216,OK
632,prueba,cesar,192.168.1.79,13940,2020-11-25,22:00:25.434,2020-11-25 22:00:25,SET,0.216,OK
633,prueba,gabriela,192.168.1.79,13940,2020-11-25,22:00:25.434,2020-11-25 22:00:25,SET,0.216,OK
